กทม,กรุงเทพมหานคร
กาฬสินธิ์,กาฬสินธุ์
กาฬสินธ์,กาฬสินธุ์
ขอนแก่่น,ขอนแก่น
ขัยนาท,ชัยนาท
ชมพร,ชุมพร
ชลบุรี\t,ชลบุรี
ชลบุุรี,ชลบุรี
ชุุมพร,ชุมพร
ท้ายบ้าน,สมุทรสาคร
ธารโต,ยะลา
นคนปฐม,นครปฐม
นคปฐม,นครปฐม
นครนาชสีมา,นครราชสีมา
นครปบม,นครปฐม
นครศร๊ะรรมราช,นครศรีธรรมราช
นตรปฐม,นครปฐม
นาราธิวาส,นราธิวาส
นาวัง,หนองบัวลำภู
บางกะปิ,กรุงเทพมหานคร
บึงโขงหลง,บึงกาฬ
บุรีรัมย์\xa0,บุรีรัมย์
บุรีรัยม์,บุรีรัมย์
บ้านหลวง,น่าน
ปทุมธานี.,ปทุมธานี
ปทุมธานีี,ปทุมธานี
ปทุุมธานี,ปทุมธานี
ปมุมธานี,ปทุมธานี
ประจวบฯ,ประจวบคีรีขันธ์
ปลวกแดง,ระยอง
ปลายพระยา,กระบี่
ปัตาตานี,ปัตตานี
ปัว,น่าน
ปุทมธานี,ปทุมธานี
พิษณูโลก,พิษณุโลก
ภูเพียง,น่าน
มหาสาคาม,มหาสารคาม
ยานนาวา,กรุงเทพมหานคร
ร้องกวาง,แพร่
ลอง,แพร่
ลาดพร้าว,กรุงเทพมหานคร
ลำลูกกา,ปทุมธานี
วังชิ้น,แพร่
ศรีษะเกษ,ศรีษะเกษ
สงขลา\u200b,สงขลา
สมถทรปราการ,สมุทรปราการ
สมทรสาคร,สมุทรสาคร
สมุครปราการ,สมุทรปราการ
สมุทรปรากร,สมุทรปราการ
สมุทรปรากรร,สมุทรปราการ
สมุทราปราการ,สมุทรปราการ
สมุทสงคราม,สมุทรสงคราม
สมุทสาคร,สมุทรสาคร
สมุุทรปราการ,สมุทรปราการ
สมุุทรสาคร,สมุทรสาคร
สอง,แพร่
สองแคว,น่าน
สะแก้ว,สระแก้ว
สารภี,เชียงใหม่
สุทรปราการ,สมุทรปราการ
สุมทรปราการ,สมุทรปราการ
สุมทรสาคร,สมุทรสาคร
สุมุทรปราการ,สมุทรปราการ
สุมุทรสาคร,สมุทรสาคร
สุราษฎร์์ธานี,สุราษฎร์ธานี
สุราษฏร์ธานี,สุราษฎร์ธานี
สุวรรณภูมิ,ร้อยเอ็ด
สุุราษฎร์ธานี,สุราษฎร์ธานี
สูงเม่น,แพร่
หนองบััวลำภู,หนองบัวลำภู
หนองม่วงไข่,แพร่
อยุทธยา,พระนครศรีอยุธยา
อยุุธยา,พระนครศรีอยุธยา
อุดรธานีี,อุดรธานี
อุบลราขธานี,อุบลราชธานี
อุุดรธาน,อุดรธานี
อุุดรธานี,อุดรธานี
อุุตรดิตถ์,อุตรดิตถ์
อุุทัยธานี,อุทัยธานี
เชีียงราย,เชียงราย
เด่นชัย,แพร่
เพชรบุูรณ์,เพชรบูรณ์
เมืองน่าน,น่าน
เวียงสา,น่าน
ศรีษะเกษ,ศรีสะเกษ
กบินทร์บุรี,ปราจีนบุรี
กรุงเทพฯ,กรุงเทพมหานคร
ตากใบ,นราธิวาส
นครสรรค์,นครสวรรค์
บางปะอิน,พระนครศรีอยุธยา
ปทุมาธานี,ปทุมธานี
พระนครศรีอยุทธยา,พระนครศรีอยุธยา
ภาษีเจริญ,กรุงเทพมหานคร
ราชเทวี,ราชเทวี
สครสวรรค์,นครสวรรค์
สมุทรสารคร,สมุทรสาคร
สระก้ว,สระแก้ว
สรินทร์,สุรินทร์
หนวงบัวลำภู,หนองบัวลำภู
อำนาจเจิญ,อำนาจเจริญ
อำนาญเจริญ,อำนาจเจริญ
อุดรธาน,อุดรธานี
เพชรบุรึ,เพชรบุรี
เรือ,
เวียงจันทร์,
แล้วป่วย,
ไม่ระบุ,
กัมพูชา,
นอกเขต,
ปจ,
ปอยเปต,
พม่า,
มาเลเซีย,
สถานที่ทำงาน,
เมือง,
